[{"id":1,"priority":1,"condition":{"urlFilter":"6.014ecba2.js"},"action":{"type":"redirect","redirect":{"extensionPath":"/overrides/6.014ecba2.js"}}},{"id":2,"priority":1,"condition":{"urlFilter":"6.0cf1335d.js"},"action":{"type":"redirect","redirect":{"extensionPath":"/overrides/6.0cf1335d.js"}}},{"id":3,"priority":1,"condition":{"urlFilter":"6.0f8531aa.js"},"action":{"type":"redirect","redirect":{"extensionPath":"/overrides/6.0f8531aa.js"}}},{"id":4,"priority":1,"condition":{"urlFilter":"6.86c67fdd.js"},"action":{"type":"redirect","redirect":{"extensionPath":"/overrides/6.86c67fdd.js"}}},{"id":5,"priority":1,"condition":{"urlFilter":"6.8e17f59a.js"},"action":{"type":"redirect","redirect":{"extensionPath":"/overrides/6.8e17f59a.js"}}},{"id":6,"priority":1,"condition":{"urlFilter":"6.977228d7.js"},"action":{"type":"redirect","redirect":{"extensionPath":"/overrides/6.977228d7.js"}}},{"id":7,"priority":1,"condition":{"urlFilter":"6.9a7afd68.js"},"action":{"type":"redirect","redirect":{"extensionPath":"/overrides/6.9a7afd68.js"}}},{"id":8,"priority":1,"condition":{"urlFilter":"6.dd196dae.js"},"action":{"type":"redirect","redirect":{"extensionPath":"/overrides/6.dd196dae.js"}}},{"id":9,"priority":1,"condition":{"urlFilter":"7.0a38f2f5.js"},"action":{"type":"redirect","redirect":{"extensionPath":"/overrides/7.0a38f2f5.js"}}},{"id":10,"priority":1,"condition":{"urlFilter":"7.20b30d46.js"},"action":{"type":"redirect","redirect":{"extensionPath":"/overrides/7.20b30d46.js"}}},{"id":11,"priority":1,"condition":{"urlFilter":"7.24acd39e.js"},"action":{"type":"redirect","redirect":{"extensionPath":"/overrides/7.24acd39e.js"}}},{"id":12,"priority":1,"condition":{"urlFilter":"7.2fb98ce9.js"},"action":{"type":"redirect","redirect":{"extensionPath":"/overrides/7.2fb98ce9.js"}}},{"id":13,"priority":1,"condition":{"urlFilter":"7.3b8878b8.js"},"action":{"type":"redirect","redirect":{"extensionPath":"/overrides/7.3b8878b8.js"}}},{"id":14,"priority":1,"condition":{"urlFilter":"7.79c38430.js"},"action":{"type":"redirect","redirect":{"extensionPath":"/overrides/7.79c38430.js"}}},{"id":15,"priority":1,"condition":{"urlFilter":"7.8c1ddae9.js"},"action":{"type":"redirect","redirect":{"extensionPath":"/overrides/7.8c1ddae9.js"}}},{"id":16,"priority":1,"condition":{"urlFilter":"7.9202be9e.js"},"action":{"type":"redirect","redirect":{"extensionPath":"/overrides/7.9202be9e.js"}}},{"id":17,"priority":1,"condition":{"urlFilter":"7.947c2729.js"},"action":{"type":"redirect","redirect":{"extensionPath":"/overrides/7.947c2729.js"}}},{"id":18,"priority":1,"condition":{"urlFilter":"7.9a9d9490.js"},"action":{"type":"redirect","redirect":{"extensionPath":"/overrides/7.9a9d9490.js"}}},{"id":19,"priority":1,"condition":{"urlFilter":"7.9b51c786.js"},"action":{"type":"redirect","redirect":{"extensionPath":"/overrides/7.9b51c786.js"}}},{"id":20,"priority":1,"condition":{"urlFilter":"7.a06eabbb.js"},"action":{"type":"redirect","redirect":{"extensionPath":"/overrides/7.a06eabbb.js"}}},{"id":21,"priority":1,"condition":{"urlFilter":"7.a320306a.js"},"action":{"type":"redirect","redirect":{"extensionPath":"/overrides/7.a320306a.js"}}},{"id":22,"priority":1,"condition":{"urlFilter":"7.ab56cea8.js"},"action":{"type":"redirect","redirect":{"extensionPath":"/overrides/7.ab56cea8.js"}}},{"id":23,"priority":1,"condition":{"urlFilter":"7.bd5fbf27.js"},"action":{"type":"redirect","redirect":{"extensionPath":"/overrides/7.bd5fbf27.js"}}},{"id":24,"priority":1,"condition":{"urlFilter":"7.c9fda82f.js"},"action":{"type":"redirect","redirect":{"extensionPath":"/overrides/7.c9fda82f.js"}}},{"id":25,"priority":1,"condition":{"urlFilter":"7.ce60691e.js"},"action":{"type":"redirect","redirect":{"extensionPath":"/overrides/7.ce60691e.js"}}},{"id":26,"priority":1,"condition":{"urlFilter":"7.dc67f89b.js"},"action":{"type":"redirect","redirect":{"extensionPath":"/overrides/7.dc67f89b.js"}}},{"id":27,"priority":1,"condition":{"urlFilter":"7.f554b531.js"},"action":{"type":"redirect","redirect":{"extensionPath":"/overrides/7.f554b531.js"}}},{"id":28,"priority":1,"condition":{"urlFilter":"7.f69c4bdc.js"},"action":{"type":"redirect","redirect":{"extensionPath":"/overrides/7.f69c4bdc.js"}}},{"id":29,"priority":1,"condition":{"urlFilter":"7.f6ac3b8d.js"},"action":{"type":"redirect","redirect":{"extensionPath":"/overrides/7.f6ac3b8d.js"}}},{"id":30,"priority":1,"condition":{"urlFilter":"7.fab7d9dc.js"},"action":{"type":"redirect","redirect":{"extensionPath":"/overrides/7.fab7d9dc.js"}}}]